{
    "args": {
        "address": {},
        "assert_contracts": [],
        "build_only": false,
        "cache": null,
        "check_args": false,
        "cloud": null,
        "coinbaseMode": false,
        "contracts": [
            "SimpleBentoBox",
            "StopLimitOrderHarness",
            "SimpleOrderReceiver"
        ],
        "debug": false,
        "delay_fetch_output_seconds": null,
        "disableLocalTypeChecking": false,
        "env": "master",
        "file_paths": [
            "spec/harness/StopLimitOrderHarness.sol",
            "spec/harness/SimpleOrderReceiver.sol",
            "spec/harness/SimpleBentoBox.sol"
        ],
        "file_to_contract": {
            "spec/harness/SimpleBentoBox.sol": "SimpleBentoBox",
            "spec/harness/SimpleOrderReceiver.sol": "SimpleOrderReceiver",
            "spec/harness/StopLimitOrderHarness.sol": "StopLimitOrderHarness"
        },
        "files": [
            "spec/harness/StopLimitOrderHarness.sol",
            "spec/harness/SimpleBentoBox.sol",
            "spec/harness/SimpleOrderReceiver.sol"
        ],
        "internal_funcs": null,
        "jar": null,
        "java_args": null,
        "key": "fecd0d3c664097ad2a3ef9b334f1f07f5779fb19",
        "link": [
            "SimpleOrderReceiver:bentoBox=SimpleBentoBox",
            "StopLimitOrderHarness:bentoBox=SimpleBentoBox"
        ],
        "local": false,
        "log_query_frequency_seconds": null,
        "loop_iter": null,
        "max_attempts_to_fetch_output": null,
        "max_poll_minutes": null,
        "method": null,
        "mode": "Mode.VERIFY",
        "msg": "StopLimitOrder CheckFees ",
        "no_compare": false,
        "packages": [
            "@boringcrypto/boring-solidity=C:/Users/yoav.rodeh/Downloads/LimitOrderV2/node_modules/@boringcrypto/boring-solidity",
            "@sushiswap/bentobox-sdk=C:/Users/yoav.rodeh/Downloads/LimitOrderV2/node_modules/@sushiswap/bentobox-sdk",
            "@sushiswap/core=C:/Users/yoav.rodeh/Downloads/LimitOrderV2/node_modules/@sushiswap/core"
        ],
        "packages_path": "C:/Users/yoav.rodeh/Downloads/LimitOrderV2/node_modules",
        "path": "C:\\Users\\yoav.rodeh\\Downloads\\LimitOrderV2\\contracts",
        "process": "emv",
        "queue_wait_minutes": null,
        "rule": "CheckFees",
        "settings": [
            "-assumeUnwindCond",
            "-enableStorageAnalysis=true",
            "-ignoreViewFunctions",
            "-rule=CheckFees"
        ],
        "solc": "C:/Program Files/solidity/solc.exe",
        "solc_args": null,
        "solc_map": null,
        "spec_files": [
            "spec/stopLimitOrder.spec"
        ],
        "staging": "master",
        "struct_link": null,
        "tool_output": null,
        "verify": [
            "StopLimitOrderHarness:spec/stopLimitOrder.spec"
        ]
    },
    "branch": "FVproject",
    "cwd_relative": ".",
    "dirty": true,
    "origin": "https://github.com/Certora/LimitOrderV2.git",
    "raw_args": [
        "C:\\Users\\yoav.rodeh\\Anaconda3\\Scripts\\certoraRun",
        "spec/harness/StopLimitOrderHarness.sol",
        "spec/harness/SimpleBentoBox.sol",
        "spec/harness/SimpleOrderReceiver.sol",
        "--verify",
        "StopLimitOrderHarness:spec/stopLimitOrder.spec",
        "--link",
        "StopLimitOrderHarness:bentoBox=SimpleBentoBox",
        "--link",
        "SimpleOrderReceiver:bentoBox=SimpleBentoBox",
        "--settings",
        "-enableStorageAnalysis=true,-ignoreViewFunctions,-assumeUnwindCond,-rule=CheckFees",
        "--staging",
        "--msg",
        "StopLimitOrder CheckFees "
    ],
    "revision": "be17e02506352d2710a4ab4c8742663a84a153c6"
}